# Folder=Tab label,Name,Price,ImageFile   (prices come from each folder's price.docx)
classic donuts=Classic Donuts,Sugar Donut,35,sugar.png
classic donuts=Classic Donuts,Glazed Donut,35,glazed.png
classic donuts=Classic Donuts,Chocolate Donut,40,choclate.png
classic donuts=Classic Donuts,Powdered Donut,40,powdered.png
classic donuts=Classic Donuts,Cinnamon Donut,40,cinnamon.png
premium donuts=Premium Donuts,Chocolate Sprinkled Donut,45,chocolate sprinkled.png
premium donuts=Premium Donuts,Strawberry Sprinkled Donut,45,strawberry sprinkled.png
premium donuts=Premium Donuts,Cookies and Cream Donut,50,cookies and cream.png
premium donuts=Premium Donuts,Caramel Donut,50,caramel.png
premium donuts=Premium Donuts,Blueberry Donut,50,blueberry.png
supreme donuts=Supreme Donuts,Nutella Donut,50,nutella.png
supreme donuts=Supreme Donuts,Salted Caramel Donut,50,salted caramel.png
supreme donuts=Supreme Donuts,Biscoff Donut,55,biscoff.png
supreme donuts=Supreme Donuts,Strawberry Cheesecake Donut,55,strawberry cheesecake.png
supreme donuts=Supreme Donuts,Matcha Oreo Donut,55,matcha oreo.png
munchkin=Munchkins,Glazed Munchkin (1 pc),10,glazed munchkins.png
munchkin=Munchkins,Glazed Choco Munchkin (1 pc),10,glazedchoco.png
munchkin=Munchkins,Choco Butternut Munchkin (1 pc),10,chocobutternut.png
munchkin=Munchkins,Assorted Munchkins - 6 pcs,55,assorted.png
munchkin=Munchkins,Assorted Munchkins - 12 pcs,100,assorted.png
coffee=Coffee,Americano,60,americano.png
coffee=Coffee,Vanilla Latte,50,vanilla latte.png
coffee=Coffee,Cappuccino,75,cappuccino.png
coffee=Coffee,Mocha,80,mocha.png
coffee=Coffee,Caramel Macchiato,85,caramel macchiato.png
non- coffee- milk based=Milk Based,Chocolate Milk,65,chocolate milk.png
non- coffee- milk based=Milk Based,Strawberry Milkshake,70,strawberry milk shake.png
non- coffee- milk based=Milk Based,Matcha,65,matcha .png
non- coffee- milk based=Milk Based,Cookies and Cream Milkshake,70,cookies and cream milk shake.png
non- coffee- milk based=Milk Based,Iced Caramel Latte,65,iced caramel latte.png
non- coffee- milk based=Milk Based,Creamy Tapioca Pearl Milk Tea,75,creamy tapioca pearls milk tea.png
cold drinks=Cold Drinks,Iced Tea,35,iced tea.png
cold drinks=Cold Drinks,Bottled Water,35,bottled water.png
cold drinks=Cold Drinks,Lemonade,40,lemonade.png
cold drinks=Cold Drinks,Fruit Soda,40,fruit soda.png
cold drinks=Cold Drinks,Coke,35,coke.png
cold drinks=Cold Drinks,Sprite,35,sprite.png
donut box- combos=Boxes & Combos,Box of 3 (3 Classic),100,
donut box- combos=Boxes & Combos,Box of 6 (6 Classic),190,
donut box- combos=Boxes & Combos,Box of 12 (12 Classic),360,
donut box- combos=Boxes & Combos,Premium Box of 6,280,
donut box- combos=Boxes & Combos,Supreme Box of 6,370,
donut box- combos=Boxes & Combos,Donut + Coffee Combo,85,
donut box- combos=Boxes & Combos,Sweet Combo (2 Classic + 1 Drink),130,
donut box- combos=Boxes & Combos,Premium Combo (2 Premium + 1 Coffee),175,
donut box- combos=Boxes & Combos,Barkada Combo (6 Classic + 3 Drinks),330,
donut box- combos=Boxes & Combos,Munchkin Combo (3 Premium + 2 Drinks),290,
add ons=Add-ons,Extra Chocolate,15,
add ons=Add-ons,Extra Caramel,15,
add ons=Add-ons,Extra Syrup,10,
add ons=Add-ons,Extra Toppings,15,
add ons=Add-ons,Whipped Cream,15,
